id;phone_number;address;email;name
1;wireless Soft JSON;Buckinghamshire lavender Sports;UynTh37@yahoo.com;schemas
2;FTP;Soap IB;TngLinh18@hotmail.com;purple orchid
3;New Card Granite;Directives Shoes Chair;QucBo67@gmail.com;driver scalable
4;Maryland;system;CmYn_T55@yahoo.com;alarm invoice
5;Concrete Squares;Walk;BchTuyt_Phan@hotmail.com;Music back-end Orchestrator
6;Ergonomic Dollar;Alabama toolset;tHa29@gmail.com;Cambridgeshire
7;Kentucky collaboration monitor;Idaho Rustic Paradigm;CngBng38@yahoo.com;Plastic strategize Ball
8;collaboration coherent;green;BoChn_inh@yahoo.com;Savings
9;Soap management;withdrawal Facilitator;DLan_Tng58@hotmail.com;orchid microchip Representative
10;Dinar Small;Accountability Supervisor;TmNguyn_o64@yahoo.com;Berkshire
